{
    "$schema": "https://schema.management.azure.com/schemas/2015-01-01/deploymentParameters.json#",
    "contentVersion": "1.0.0.0",
    "parameters": {
        "webhooks_webappyktaskweb1dev_serviceUri": {
            "value": null
        },
        "vulnerabilityAssessments_Default_storageContainerPath": {
            "value": null
        },
        "servers_yktask_name": {
            "value": null
        },
        "workflows_yktask_name": {
            "value": null
        },
        "sites_yktask_web_1_name": {
            "value": null
        },
        "serverfarms_yktask_1_name": {
            "value": null
        },
        "connections_office365_name": {
            "value": null
        },
        "sites_ykOrderReserver_name": {
            "value": null
        },
        "namespaces_yktask_name": {
            "value": null
        },
        "storageAccounts_yktask_name": {
            "value": null
        },
        "components_yktask_web_1_name": {
            "value": null
        },
        "databaseAccounts_yktask_name": {
            "value": null
        },
        "sites_ykDeliveryOrderProcessor_name": {
            "value": null
        },
        "registries_yktask_name": {
            "value": null
        },
        "serverfarms_WestEuropeLinuxDynamicPlan_name": {
            "value": null
        },
        "components_ykDeliveryOrderProcessor_name": {
            "value": null
        },
        "actionGroups_Application_Insights_Smart_Detection_name": {
            "value": null
        },
        "smartdetectoralertrules_failure_anomalies___yktask_web_1_name": {
            "value": null
        },
        "smartdetectoralertrules_failure_anomalies___ykdeliveryorderprocessor_name": {
            "value": null
        },
        "workspaces_DefaultWorkspace_17e32ae0_c8c1_4c24_975c_6996c7de5b04_WEU_externalid": {
            "value": null
        },
        "workspaces_DefaultWorkspace_17e32ae0_c8c1_4c24_975c_6996c7de5b04_NEU_externalid": {
            "value": null
        }
    }
}